Group,Variable,Value,,,,,,,,,,,
January,1880,-0.17,,,,,,,,,,,
February,1880,-0.24,,,,,,,,,,,
March,1880,-0.09,,,,,,,,,,,
April,1880,-0.16,,,,,,,,,,,
May,1880,-0.09,,,,,,,,,,,
June,1880,-0.2,,,,,,,,,,,
July,1880,-0.17,,,,,,,,,,,
August,1880,-0.09,,,,,,,,,,,
September,1880,-0.14,,,,,,,,,,,
October,1880,-0.23,,,,,,,,,,,
November,1880,-0.21,,,,,,,,,,,
December,1880,-0.17,,,,,,,,,,,
January,1881,-0.19,,,,,,,,,,,
February,1881,-0.13,,,,,,,,,,,
March,1881,0.04,,,,,,,,,,,
April,1881,0.06,,,,,,,,,,,
May,1881,0.07,,,,,,,,,,,
June,1881,-0.18,,,,,,,,,,,
July,1881,0.01,,,,,,,,,,,
August,1881,-0.02,,,,,,,,,,,
September,1881,-0.14,,,,,,,,,,,
October,1881,-0.21,,,,,,,,,,,
November,1881,-0.18,,,,,,,,,,,
December,1881,-0.06,,,,,,,,,,,
January,1882,0.17,,,,,,,,,,,
February,1882,0.15,,,,,,,,,,,
March,1882,0.05,,,,,,,,,,,
April,1882,-0.16,,,,,,,,,,,
May,1882,-0.14,,,,,,,,,,,
June,1882,-0.22,,,,,,,,,,,
July,1882,-0.15,,,,,,,,,,,
August,1882,-0.06,,,,,,,,,,,
September,1882,-0.14,,,,,,,,,,,
October,1882,-0.23,,,,,,,,,,,
November,1882,-0.15,,,,,,,,,,,
December,1882,-0.35,,,,,,,,,,,
January,1883,-0.28,,,,,,,,,,,
February,1883,-0.36,,,,,,,,,,,
March,1883,-0.12,,,,,,,,,,,
April,1883,-0.17,,,,,,,,,,,
May,1883,-0.17,,,,,,,,,,,
June,1883,-0.07,,,,,,,,,,,
July,1883,-0.06,,,,,,,,,,,
August,1883,-0.13,,,,,,,,,,,
September,1883,-0.2,,,,,,,,,,,
October,1883,-0.1,,,,,,,,,,,
November,1883,-0.22,,,,,,,,,,,
December,1883,-0.1,,,,,,,,,,,
January,1884,-0.12,,,,,,,,,,,
February,1884,-0.07,,,,,,,,,,,
March,1884,-0.35,,,,,,,,,,,
April,1884,-0.39,,,,,,,,,,,
May,1884,-0.34,,,,,,,,,,,
June,1884,-0.35,,,,,,,,,,,
July,1884,-0.31,,,,,,,,,,,
August,1884,-0.26,,,,,,,,,,,
September,1884,-0.26,,,,,,,,,,,
October,1884,-0.24,,,,,,,,,,,
November,1884,-0.32,,,,,,,,,,,
December,1884,-0.3,,,,,,,,,,,
January,1885,-0.58,,,,,,,,,,,
February,1885,-0.32,,,,,,,,,,,
March,1885,-0.25,,,,,,,,,,,
April,1885,-0.41,,,,,,,,,,,
May,1885,-0.44,,,,,,,,,,,
June,1885,-0.42,,,,,,,,,,,
July,1885,-0.32,,,,,,,,,,,
August,1885,-0.29,,,,,,,,,,,
September,1885,-0.27,,,,,,,,,,,
October,1885,-0.22,,,,,,,,,,,
November,1885,-0.22,,,,,,,,,,,
December,1885,-0.09,,,,,,,,,,,
January,1886,-0.42,,,,,,,,,,,
February,1886,-0.49,,,,,,,,,,,
March,1886,-0.42,,,,,,,,,,,
April,1886,-0.27,,,,,,,,,,,
May,1886,-0.23,,,,,,,,,,,
June,1886,-0.33,,,,,,,,,,,
July,1886,-0.17,,,,,,,,,,,
August,1886,-0.29,,,,,,,,,,,
September,1886,-0.23,,,,,,,,,,,
October,1886,-0.26,,,,,,,,,,,
November,1886,-0.26,,,,,,,,,,,
December,1886,-0.24,,,,,,,,,,,
January,1887,-0.7,,,,,,,,,,,
February,1887,-0.55,,,,,,,,,,,
March,1887,-0.34,,,,,,,,,,,
April,1887,-0.33,,,,,,,,,,,
May,1887,-0.29,,,,,,,,,,,
June,1887,-0.23,,,,,,,,,,,
July,1887,-0.24,,,,,,,,,,,
August,1887,-0.34,,,,,,,,,,,
September,1887,-0.24,,,,,,,,,,,
October,1887,-0.34,,,,,,,,,,,
November,1887,-0.25,,,,,,,,,,,
December,1887,-0.32,,,,,,,,,,,
January,1888,-0.33,,,,,,,,,,,
February,1888,-0.35,,,,,,,,,,,
March,1888,-0.4,,,,,,,,,,,
April,1888,-0.19,,,,,,,,,,,
May,1888,-0.21,,,,,,,,,,,
June,1888,-0.16,,,,,,,,,,,
July,1888,-0.09,,,,,,,,,,,
August,1888,-0.14,,,,,,,,,,,
September,1888,-0.11,,,,,,,,,,,
October,1888,0.03,,,,,,,,,,,
November,1888,0.04,,,,,,,,,,,
December,1888,-0.03,,,,,,,,,,,
January,1889,-0.07,,,,,,,,,,,
February,1889,0.18,,,,,,,,,,,
March,1889,0.07,,,,,,,,,,,
April,1889,0.1,,,,,,,,,,,
May,1889,0,,,,,,,,,,,
June,1889,-0.09,,,,,,,,,,,
July,1889,-0.07,,,,,,,,,,,
August,1889,-0.19,,,,,,,,,,,
September,1889,-0.23,,,,,,,,,,,
October,1889,-0.25,,,,,,,,,,,
November,1889,-0.32,,,,,,,,,,,
December,1889,-0.28,,,,,,,,,,,
January,1890,-0.41,,,,,,,,,,,
February,1890,-0.45,,,,,,,,,,,
March,1890,-0.39,,,,,,,,,,,
April,1890,-0.29,,,,,,,,,,,
May,1890,-0.39,,,,,,,,,,,
June,1890,-0.24,,,,,,,,,,,
July,1890,-0.27,,,,,,,,,,,
August,1890,-0.38,,,,,,,,,,,
September,1890,-0.36,,,,,,,,,,,
October,1890,-0.24,,,,,,,,,,,
November,1890,-0.43,,,,,,,,,,,
December,1890,-0.3,,,,,,,,,,,
January,1891,-0.33,,,,,,,,,,,
February,1891,-0.46,,,,,,,,,,,
March,1891,-0.17,,,,,,,,,,,
April,1891,-0.26,,,,,,,,,,,
May,1891,-0.16,,,,,,,,,,,
June,1891,-0.2,,,,,,,,,,,
July,1891,-0.17,,,,,,,,,,,
August,1891,-0.16,,,,,,,,,,,
September,1891,-0.15,,,,,,,,,,,
October,1891,-0.21,,,,,,,,,,,
November,1891,-0.3,,,,,,,,,,,
December,1891,-0.04,,,,,,,,,,,
January,1892,-0.28,,,,,,,,,,,
February,1892,-0.1,,,,,,,,,,,
March,1892,-0.39,,,,,,,,,,,
April,1892,-0.32,,,,,,,,,,,
May,1892,-0.23,,,,,,,,,,,
June,1892,-0.21,,,,,,,,,,,
July,1892,-0.31,,,,,,,,,,,
August,1892,-0.26,,,,,,,,,,,
September,1892,-0.16,,,,,,,,,,,
October,1892,-0.13,,,,,,,,,,,
November,1892,-0.41,,,,,,,,,,,
December,1892,-0.37,,,,,,,,,,,
January,1893,-0.8,,,,,,,,,,,
February,1893,-0.55,,,,,,,,,,,
March,1893,-0.21,,,,,,,,,,,
April,1893,-0.26,,,,,,,,,,,
May,1893,-0.34,,,,,,,,,,,
June,1893,-0.25,,,,,,,,,,,
July,1893,-0.13,,,,,,,,,,,
August,1893,-0.24,,,,,,,,,,,
September,1893,-0.22,,,,,,,,,,,
October,1893,-0.18,,,,,,,,,,,
November,1893,-0.18,,,,,,,,,,,
December,1893,-0.31,,,,,,,,,,,
January,1894,-0.51,,,,,,,,,,,
February,1894,-0.28,,,,,,,,,,,
March,1894,-0.22,,,,,,,,,,,
April,1894,-0.44,,,,,,,,,,,
May,1894,-0.3,,,,,,,,,,,
June,1894,-0.39,,,,,,,,,,,
July,1894,-0.23,,,,,,,,,,,
August,1894,-0.23,,,,,,,,,,,
September,1894,-0.27,,,,,,,,,,,
October,1894,-0.22,,,,,,,,,,,
November,1894,-0.24,,,,,,,,,,,
December,1894,-0.19,,,,,,,,,,,
January,1895,-0.39,,,,,,,,,,,
February,1895,-0.41,,,,,,,,,,,
March,1895,-0.31,,,,,,,,,,,
April,1895,-0.2,,,,,,,,,,,
May,1895,-0.26,,,,,,,,,,,
June,1895,-0.19,,,,,,,,,,,
July,1895,-0.16,,,,,,,,,,,
August,1895,-0.15,,,,,,,,,,,
September,1895,-0.11,,,,,,,,,,,
October,1895,-0.1,,,,,,,,,,,
November,1895,-0.15,,,,,,,,,,,
December,1895,-0.13,,,,,,,,,,,
January,1896,-0.2,,,,,,,,,,,
February,1896,-0.11,,,,,,,,,,,
March,1896,-0.25,,,,,,,,,,,
April,1896,-0.29,,,,,,,,,,,
May,1896,-0.15,,,,,,,,,,,
June,1896,-0.1,,,,,,,,,,,
July,1896,-0.01,,,,,,,,,,,
August,1896,-0.04,,,,,,,,,,,
September,1896,-0.06,,,,,,,,,,,
October,1896,0.08,,,,,,,,,,,
November,1896,-0.03,,,,,,,,,,,
December,1896,-0.03,,,,,,,,,,,
January,1897,-0.13,,,,,,,,,,,
February,1897,-0.16,,,,,,,,,,,
March,1897,-0.12,,,,,,,,,,,
April,1897,-0.01,,,,,,,,,,,
May,1897,0,,,,,,,,,,,
June,1897,-0.1,,,,,,,,,,,
July,1897,-0.01,,,,,,,,,,,
August,1897,-0.08,,,,,,,,,,,
September,1897,-0.07,,,,,,,,,,,
October,1897,-0.11,,,,,,,,,,,
November,1897,-0.17,,,,,,,,,,,
December,1897,-0.19,,,,,,,,,,,
January,1898,0,,,,,,,,,,,
February,1898,-0.28,,,,,,,,,,,
March,1898,-0.48,,,,,,,,,,,
April,1898,-0.28,,,,,,,,,,,
May,1898,-0.28,,,,,,,,,,,
June,1898,-0.17,,,,,,,,,,,
July,1898,-0.2,,,,,,,,,,,
August,1898,-0.24,,,,,,,,,,,
September,1898,-0.2,,,,,,,,,,,
October,1898,-0.33,,,,,,,,,,,
November,1898,-0.36,,,,,,,,,,,
December,1898,-0.22,,,,,,,,,,,
January,1899,-0.15,,,,,,,,,,,
February,1899,-0.37,,,,,,,,,,,
March,1899,-0.36,,,,,,,,,,,
April,1899,-0.19,,,,,,,,,,,
May,1899,-0.22,,,,,,,,,,,
June,1899,-0.31,,,,,,,,,,,
July,1899,-0.14,,,,,,,,,,,
August,1899,-0.06,,,,,,,,,,,
September,1899,-0.03,,,,,,,,,,,
October,1899,-0.03,,,,,,,,,,,
November,1899,0.14,,,,,,,,,,,
December,1899,-0.24,,,,,,,,,,,
January,1900,-0.34,,,,,,,,,,,
February,1900,-0.04,,,,,,,,,,,
March,1900,0.02,,,,,,,,,,,
April,1900,-0.07,,,,,,,,,,,
May,1900,-0.07,,,,,,,,,,,
June,1900,-0.08,,,,,,,,,,,
July,1900,-0.12,,,,,,,,,,,
August,1900,-0.07,,,,,,,,,,,
September,1900,-0.04,,,,,,,,,,,
October,1900,0.11,,,,,,,,,,,
November,1900,-0.05,,,,,,,,,,,
December,1900,-0.05,,,,,,,,,,,
January,1901,-0.22,,,,,,,,,,,
February,1901,-0.09,,,,,,,,,,,
March,1901,0.07,,,,,,,,,,,
April,1901,-0.01,,,,,,,,,,,
May,1901,-0.15,,,,,,,,,,,
June,1901,-0.11,,,,,,,,,,,
July,1901,-0.13,,,,,,,,,,,
August,1901,-0.19,,,,,,,,,,,
September,1901,-0.21,,,,,,,,,,,
October,1901,-0.27,,,,,,,,,,,
November,1901,-0.16,,,,,,,,,,,
December,1901,-0.27,,,,,,,,,,,
January,1902,-0.17,,,,,,,,,,,
February,1902,-0.05,,,,,,,,,,,
March,1902,-0.27,,,,,,,,,,,
April,1902,-0.26,,,,,,,,,,,
May,1902,-0.3,,,,,,,,,,,
June,1902,-0.3,,,,,,,,,,,
July,1902,-0.27,,,,,,,,,,,
August,1902,-0.28,,,,,,,,,,,
September,1902,-0.28,,,,,,,,,,,
October,1902,-0.28,,,,,,,,,,,
November,1902,-0.34,,,,,,,,,,,
December,1902,-0.4,,,,,,,,,,,
January,1903,-0.22,,,,,,,,,,,
February,1903,-0.04,,,,,,,,,,,
March,1903,-0.21,,,,,,,,,,,
April,1903,-0.4,,,,,,,,,,,
May,1903,-0.39,,,,,,,,,,,
June,1903,-0.41,,,,,,,,,,,
July,1903,-0.34,,,,,,,,,,,
August,1903,-0.44,,,,,,,,,,,
September,1903,-0.49,,,,,,,,,,,
October,1903,-0.47,,,,,,,,,,,
November,1903,-0.41,,,,,,,,,,,
December,1903,-0.5,,,,,,,,,,,
January,1904,-0.63,,,,,,,,,,,
February,1904,-0.57,,,,,,,,,,,
March,1904,-0.47,,,,,,,,,,,
April,1904,-0.49,,,,,,,,,,,
May,1904,-0.51,,,,,,,,,,,
June,1904,-0.47,,,,,,,,,,,
July,1904,-0.5,,,,,,,,,,,
August,1904,-0.48,,,,,,,,,,,
September,1904,-0.55,,,,,,,,,,,
October,1904,-0.39,,,,,,,,,,,
November,1904,-0.17,,,,,,,,,,,
December,1904,-0.33,,,,,,,,,,,
January,1905,-0.34,,,,,,,,,,,
February,1905,-0.59,,,,,,,,,,,
March,1905,-0.21,,,,,,,,,,,
April,1905,-0.32,,,,,,,,,,,
May,1905,-0.29,,,,,,,,,,,
June,1905,-0.27,,,,,,,,,,,
July,1905,-0.26,,,,,,,,,,,
August,1905,-0.2,,,,,,,,,,,
September,1905,-0.19,,,,,,,,,,,
October,1905,-0.24,,,,,,,,,,,
November,1905,-0.06,,,,,,,,,,,
December,1905,-0.12,,,,,,,,,,,
January,1906,-0.27,,,,,,,,,,,
February,1906,-0.29,,,,,,,,,,,
March,1906,-0.17,,,,,,,,,,,
April,1906,-0.04,,,,,,,,,,,
May,1906,-0.25,,,,,,,,,,,
June,1906,-0.19,,,,,,,,,,,
July,1906,-0.23,,,,,,,,,,,
August,1906,-0.19,,,,,,,,,,,
September,1906,-0.28,,,,,,,,,,,
October,1906,-0.19,,,,,,,,,,,
November,1906,-0.36,,,,,,,,,,,
December,1906,-0.14,,,,,,,,,,,
January,1907,-0.42,,,,,,,,,,,
February,1907,-0.5,,,,,,,,,,,
March,1907,-0.27,,,,,,,,,,,
April,1907,-0.36,,,,,,,,,,,
May,1907,-0.46,,,,,,,,,,,
June,1907,-0.41,,,,,,,,,,,
July,1907,-0.35,,,,,,,,,,,
August,1907,-0.34,,,,,,,,,,,
September,1907,-0.34,,,,,,,,,,,
October,1907,-0.23,,,,,,,,,,,
November,1907,-0.47,,,,,,,,,,,
December,1907,-0.47,,,,,,,,,,,
January,1908,-0.44,,,,,,,,,,,
February,1908,-0.32,,,,,,,,,,,
March,1908,-0.56,,,,,,,,,,,
April,1908,-0.44,,,,,,,,,,,
May,1908,-0.37,,,,,,,,,,,
June,1908,-0.38,,,,,,,,,,,
July,1908,-0.35,,,,,,,,,,,
August,1908,-0.46,,,,,,,,,,,
September,1908,-0.36,,,,,,,,,,,
October,1908,-0.44,,,,,,,,,,,
November,1908,-0.51,,,,,,,,,,,
December,1908,-0.49,,,,,,,,,,,
January,1909,-0.72,,,,,,,,,,,
February,1909,-0.46,,,,,,,,,,,
March,1909,-0.55,,,,,,,,,,,
April,1909,-0.59,,,,,,,,,,,
May,1909,-0.55,,,,,,,,,,,
June,1909,-0.52,,,,,,,,,,,
July,1909,-0.45,,,,,,,,,,,
August,1909,-0.34,,,,,,,,,,,
September,1909,-0.38,,,,,,,,,,,
October,1909,-0.4,,,,,,,,,,,
November,1909,-0.33,,,,,,,,,,,
December,1909,-0.56,,,,,,,,,,,
January,1910,-0.43,,,,,,,,,,,
February,1910,-0.41,,,,,,,,,,,
March,1910,-0.5,,,,,,,,,,,
April,1910,-0.43,,,,,,,,,,,
May,1910,-0.34,,,,,,,,,,,
June,1910,-0.38,,,,,,,,,,,
July,1910,-0.34,,,,,,,,,,,
August,1910,-0.36,,,,,,,,,,,
September,1910,-0.39,,,,,,,,,,,
October,1910,-0.41,,,,,,,,,,,
November,1910,-0.54,,,,,,,,,,,
December,1910,-0.67,,,,,,,,,,,
January,1911,-0.62,,,,,,,,,,,
February,1911,-0.57,,,,,,,,,,,
March,1911,-0.61,,,,,,,,,,,
April,1911,-0.53,,,,,,,,,,,
May,1911,-0.51,,,,,,,,,,,
June,1911,-0.49,,,,,,,,,,,
July,1911,-0.41,,,,,,,,,,,
August,1911,-0.43,,,,,,,,,,,
September,1911,-0.41,,,,,,,,,,,
October,1911,-0.26,,,,,,,,,,,
November,1911,-0.21,,,,,,,,,,,
December,1911,-0.21,,,,,,,,,,,
January,1912,-0.25,,,,,,,,,,,
February,1912,-0.13,,,,,,,,,,,
March,1912,-0.37,,,,,,,,,,,
April,1912,-0.17,,,,,,,,,,,
May,1912,-0.21,,,,,,,,,,,
June,1912,-0.23,,,,,,,,,,,
July,1912,-0.42,,,,,,,,,,,
August,1912,-0.54,,,,,,,,,,,
September,1912,-0.57,,,,,,,,,,,
October,1912,-0.57,,,,,,,,,,,
November,1912,-0.39,,,,,,,,,,,
December,1912,-0.43,,,,,,,,,,,
January,1913,-0.4,,,,,,,,,,,
February,1913,-0.45,,,,,,,,,,,
March,1913,-0.43,,,,,,,,,,,
April,1913,-0.39,,,,,,,,,,,
May,1913,-0.44,,,,,,,,,,,
June,1913,-0.45,,,,,,,,,,,
July,1913,-0.36,,,,,,,,,,,
August,1913,-0.32,,,,,,,,,,,
September,1913,-0.34,,,,,,,,,,,
October,1913,-0.32,,,,,,,,,,,
November,1913,-0.2,,,,,,,,,,,
December,1913,-0.02,,,,,,,,,,,
January,1914,0.05,,,,,,,,,,,
February,1914,-0.09,,,,,,,,,,,
March,1914,-0.24,,,,,,,,,,,
April,1914,-0.29,,,,,,,,,,,
May,1914,-0.21,,,,,,,,,,,
June,1914,-0.25,,,,,,,,,,,
July,1914,-0.24,,,,,,,,,,,
August,1914,-0.16,,,,,,,,,,,
September,1914,-0.17,,,,,,,,,,,
October,1914,-0.03,,,,,,,,,,,
November,1914,-0.15,,,,,,,,,,,
December,1914,-0.04,,,,,,,,,,,
January,1915,-0.21,,,,,,,,,,,
February,1915,-0.03,,,,,,,,,,,
March,1915,-0.09,,,,,,,,,,,
April,1915,0.06,,,,,,,,,,,
May,1915,-0.06,,,,,,,,,,,
June,1915,-0.22,,,,,,,,,,,
July,1915,-0.12,,,,,,,,,,,
August,1915,-0.21,,,,,,,,,,,
September,1915,-0.2,,,,,,,,,,,
October,1915,-0.24,,,,,,,,,,,
November,1915,-0.12,,,,,,,,,,,
December,1915,-0.21,,,,,,,,,,,
January,1916,-0.12,,,,,,,,,,,
February,1916,-0.14,,,,,,,,,,,
March,1916,-0.28,,,,,,,,,,,
April,1916,-0.3,,,,,,,,,,,
May,1916,-0.34,,,,,,,,,,,
June,1916,-0.49,,,,,,,,,,,
July,1916,-0.37,,,,,,,,,,,
August,1916,-0.27,,,,,,,,,,,
September,1916,-0.36,,,,,,,,,,,
October,1916,-0.32,,,,,,,,,,,
November,1916,-0.46,,,,,,,,,,,
December,1916,-0.81,,,,,,,,,,,
January,1917,-0.57,,,,,,,,,,,
February,1917,-0.63,,,,,,,,,,,
March,1917,-0.64,,,,,,,,,,,
April,1917,-0.55,,,,,,,,,,,
May,1917,-0.55,,,,,,,,,,,
June,1917,-0.43,,,,,,,,,,,
July,1917,-0.25,,,,,,,,,,,
August,1917,-0.22,,,,,,,,,,,
September,1917,-0.23,,,,,,,,,,,
October,1917,-0.44,,,,,,,,,,,
November,1917,-0.34,,,,,,,,,,,
December,1917,-0.67,,,,,,,,,,,
January,1918,-0.47,,,,,,,,,,,
February,1918,-0.34,,,,,,,,,,,
March,1918,-0.25,,,,,,,,,,,
April,1918,-0.44,,,,,,,,,,,
May,1918,-0.43,,,,,,,,,,,
June,1918,-0.36,,,,,,,,,,,
July,1918,-0.31,,,,,,,,,,,
August,1918,-0.31,,,,,,,,,,,
September,1918,-0.18,,,,,,,,,,,
October,1918,-0.06,,,,,,,,,,,
November,1918,-0.11,,,,,,,,,,,
December,1918,-0.29,,,,,,,,,,,
January,1919,-0.2,,,,,,,,,,,
February,1919,-0.24,,,,,,,,,,,
March,1919,-0.21,,,,,,,,,,,
April,1919,-0.12,,,,,,,,,,,
May,1919,-0.28,,,,,,,,,,,
June,1919,-0.36,,,,,,,,,,,
July,1919,-0.29,,,,,,,,,,,
August,1919,-0.33,,,,,,,,,,,
September,1919,-0.26,,,,,,,,,,,
October,1919,-0.2,,,,,,,,,,,
November,1919,-0.41,,,,,,,,,,,
December,1919,-0.42,,,,,,,,,,,
January,1920,-0.24,,,,,,,,,,,
February,1920,-0.27,,,,,,,,,,,
March,1920,-0.12,,,,,,,,,,,
April,1920,-0.24,,,,,,,,,,,
May,1920,-0.27,,,,,,,,,,,
June,1920,-0.36,,,,,,,,,,,
July,1920,-0.3,,,,,,,,,,,
August,1920,-0.27,,,,,,,,,,,
September,1920,-0.22,,,,,,,,,,,
October,1920,-0.26,,,,,,,,,,,
November,1920,-0.26,,,,,,,,,,,
December,1920,-0.46,,,,,,,,,,,
January,1921,-0.04,,,,,,,,,,,
February,1921,-0.17,,,,,,,,,,,
March,1921,-0.23,,,,,,,,,,,
April,1921,-0.3,,,,,,,,,,,
May,1921,-0.3,,,,,,,,,,,
June,1921,-0.27,,,,,,,,,,,
July,1921,-0.15,,,,,,,,,,,
August,1921,-0.26,,,,,,,,,,,
September,1921,-0.19,,,,,,,,,,,
October,1921,-0.03,,,,,,,,,,,
November,1921,-0.13,,,,,,,,,,,
December,1921,-0.17,,,,,,,,,,,
January,1922,-0.33,,,,,,,,,,,
February,1922,-0.44,,,,,,,,,,,
March,1922,-0.15,,,,,,,,,,,
April,1922,-0.23,,,,,,,,,,,
May,1922,-0.33,,,,,,,,,,,
June,1922,-0.3,,,,,,,,,,,
July,1922,-0.27,,,,,,,,,,,
August,1922,-0.32,,,,,,,,,,,
September,1922,-0.36,,,,,,,,,,,
October,1922,-0.32,,,,,,,,,,,
November,1922,-0.14,,,,,,,,,,,
December,1922,-0.18,,,,,,,,,,,
January,1923,-0.28,,,,,,,,,,,
February,1923,-0.39,,,,,,,,,,,
March,1923,-0.34,,,,,,,,,,,
April,1923,-0.41,,,,,,,,,,,
May,1923,-0.33,,,,,,,,,,,
June,1923,-0.29,,,,,,,,,,,
July,1923,-0.3,,,,,,,,,,,
August,1923,-0.32,,,,,,,,,,,
September,1923,-0.31,,,,,,,,,,,
October,1923,-0.13,,,,,,,,,,,
November,1923,-0.02,,,,,,,,,,,
December,1923,-0.04,,,,,,,,,,,
January,1924,-0.23,,,,,,,,,,,
February,1924,-0.24,,,,,,,,,,,
March,1924,-0.08,,,,,,,,,,,
April,1924,-0.31,,,,,,,,,,,
May,1924,-0.18,,,,,,,,,,,
June,1924,-0.26,,,,,,,,,,,
July,1924,-0.29,,,,,,,,,,,
August,1924,-0.36,,,,,,,,,,,
September,1924,-0.32,,,,,,,,,,,
October,1924,-0.35,,,,,,,,,,,
November,1924,-0.21,,,,,,,,,,,
December,1924,-0.43,,,,,,,,,,,
January,1925,-0.38,,,,,,,,,,,
February,1925,-0.4,,,,,,,,,,,
March,1925,-0.27,,,,,,,,,,,
April,1925,-0.25,,,,,,,,,,,
May,1925,-0.29,,,,,,,,,,,
June,1925,-0.32,,,,,,,,,,,
July,1925,-0.26,,,,,,,,,,,
August,1925,-0.19,,,,,,,,,,,
September,1925,-0.19,,,,,,,,,,,
October,1925,-0.17,,,,,,,,,,,
November,1925,0.05,,,,,,,,,,,
December,1925,0.06,,,,,,,,,,,
January,1926,0.21,,,,,,,,,,,
February,1926,0.03,,,,,,,,,,,
March,1926,0.11,,,,,,,,,,,
April,1926,-0.12,,,,,,,,,,,
May,1926,-0.23,,,,,,,,,,,
June,1926,-0.26,,,,,,,,,,,
July,1926,-0.27,,,,,,,,,,,
August,1926,-0.13,,,,,,,,,,,
September,1926,-0.14,,,,,,,,,,,
October,1926,-0.11,,,,,,,,,,,
November,1926,-0.06,,,,,,,,,,,
December,1926,-0.29,,,,,,,,,,,
January,1927,-0.27,,,,,,,,,,,
February,1927,-0.18,,,,,,,,,,,
March,1927,-0.38,,,,,,,,,,,
April,1927,-0.31,,,,,,,,,,,
May,1927,-0.25,,,,,,,,,,,
June,1927,-0.27,,,,,,,,,,,
July,1927,-0.18,,,,,,,,,,,
August,1927,-0.24,,,,,,,,,,,
September,1927,-0.13,,,,,,,,,,,
October,1927,-0.01,,,,,,,,,,,
November,1927,-0.06,,,,,,,,,,,
December,1927,-0.33,,,,,,,,,,,
January,1928,-0.02,,,,,,,,,,,
February,1928,-0.09,,,,,,,,,,,
March,1928,-0.25,,,,,,,,,,,
April,1928,-0.27,,,,,,,,,,,
May,1928,-0.29,,,,,,,,,,,
June,1928,-0.38,,,,,,,,,,,
July,1928,-0.19,,,,,,,,,,,
August,1928,-0.22,,,,,,,,,,,
September,1928,-0.21,,,,,,,,,,,
October,1928,-0.19,,,,,,,,,,,
November,1928,-0.09,,,,,,,,,,,
December,1928,-0.16,,,,,,,,,,,
January,1929,-0.45,,,,,,,,,,,
February,1929,-0.58,,,,,,,,,,,
March,1929,-0.33,,,,,,,,,,,
April,1929,-0.4,,,,,,,,,,,
May,1929,-0.38,,,,,,,,,,,
June,1929,-0.43,,,,,,,,,,,
July,1929,-0.36,,,,,,,,,,,
August,1929,-0.32,,,,,,,,,,,
September,1929,-0.25,,,,,,,,,,,
October,1929,-0.14,,,,,,,,,,,
November,1929,-0.11,,,,,,,,,,,
December,1929,-0.54,,,,,,,,,,,
January,1930,-0.29,,,,,,,,,,,
February,1930,-0.27,,,,,,,,,,,
March,1930,-0.11,,,,,,,,,,,
April,1930,-0.24,,,,,,,,,,,
May,1930,-0.24,,,,,,,,,,,
June,1930,-0.21,,,,,,,,,,,
July,1930,-0.21,,,,,,,,,,,
August,1930,-0.15,,,,,,,,,,,
September,1930,-0.15,,,,,,,,,,,
October,1930,-0.11,,,,,,,,,,,
November,1930,0.18,,,,,,,,,,,
December,1930,-0.05,,,,,,,,,,,
January,1931,-0.1,,,,,,,,,,,
February,1931,-0.21,,,,,,,,,,,
March,1931,-0.1,,,,,,,,,,,
April,1931,-0.22,,,,,,,,,,,
May,1931,-0.19,,,,,,,,,,,
June,1931,-0.08,,,,,,,,,,,
July,1931,-0.04,,,,,,,,,,,
August,1931,-0.03,,,,,,,,,,,
September,1931,-0.07,,,,,,,,,,,
October,1931,0.05,,,,,,,,,,,
November,1931,-0.05,,,,,,,,,,,
December,1931,-0.05,,,,,,,,,,,
January,1932,0.15,,,,,,,,,,,
February,1932,-0.17,,,,,,,,,,,
March,1932,-0.18,,,,,,,,,,,
April,1932,-0.05,,,,,,,,,,,
May,1932,-0.17,,,,,,,,,,,
June,1932,-0.29,,,,,,,,,,,
July,1932,-0.25,,,,,,,,,,,
August,1932,-0.21,,,,,,,,,,,
September,1932,-0.1,,,,,,,,,,,
October,1932,-0.09,,,,,,,,,,,
November,1932,-0.27,,,,,,,,,,,
December,1932,-0.26,,,,,,,,,,,
January,1933,-0.23,,,,,,,,,,,
February,1933,-0.29,,,,,,,,,,,
March,1933,-0.29,,,,,,,,,,,
April,1933,-0.25,,,,,,,,,,,
May,1933,-0.29,,,,,,,,,,,
June,1933,-0.34,,,,,,,,,,,
July,1933,-0.21,,,,,,,,,,,
August,1933,-0.23,,,,,,,,,,,
September,1933,-0.29,,,,,,,,,,,
October,1933,-0.25,,,,,,,,,,,
November,1933,-0.3,,,,,,,,,,,
December,1933,-0.44,,,,,,,,,,,
January,1934,-0.21,,,,,,,,,,,
February,1934,-0.03,,,,,,,,,,,
March,1934,-0.29,,,,,,,,,,,
April,1934,-0.31,,,,,,,,,,,
May,1934,-0.1,,,,,,,,,,,
June,1934,-0.15,,,,,,,,,,,
July,1934,-0.11,,,,,,,,,,,
August,1934,-0.12,,,,,,,,,,,
September,1934,-0.16,,,,,,,,,,,
October,1934,-0.06,,,,,,,,,,,
November,1934,0.04,,,,,,,,,,,
December,1934,-0.02,,,,,,,,,,,
January,1935,-0.33,,,,,,,,,,,
February,1935,0.14,,,,,,,,,,,
March,1935,-0.14,,,,,,,,,,,
April,1935,-0.36,,,,,,,,,,,
May,1935,-0.29,,,,,,,,,,,
June,1935,-0.27,,,,,,,,,,,
July,1935,-0.22,,,,,,,,,,,
August,1935,-0.22,,,,,,,,,,,
September,1935,-0.21,,,,,,,,,,,
October,1935,-0.05,,,,,,,,,,,
November,1935,-0.26,,,,,,,,,,,
December,1935,-0.17,,,,,,,,,,,
January,1936,-0.28,,,,,,,,,,,
February,1936,-0.38,,,,,,,,,,,
March,1936,-0.21,,,,,,,,,,,
April,1936,-0.2,,,,,,,,,,,
May,1936,-0.17,,,,,,,,,,,
June,1936,-0.22,,,,,,,,,,,
July,1936,-0.1,,,,,,,,,,,
August,1936,-0.13,,,,,,,,,,,
September,1936,-0.09,,,,,,,,,,,
October,1936,-0.03,,,,,,,,,,,
November,1936,0.01,,,,,,,,,,,
December,1936,-0.01,,,,,,,,,,,
January,1937,-0.07,,,,,,,,,,,
February,1937,0.03,,,,,,,,,,,
March,1937,-0.21,,,,,,,,,,,
April,1937,-0.16,,,,,,,,,,,
May,1937,-0.05,,,,,,,,,,,
June,1937,-0.05,,,,,,,,,,,
July,1937,-0.04,,,,,,,,,,,
August,1937,0.02,,,,,,,,,,,
September,1937,0.09,,,,,,,,,,,
October,1937,0.09,,,,,,,,,,,
November,1937,0.08,,,,,,,,,,,
December,1937,-0.07,,,,,,,,,,,
January,1938,0.08,,,,,,,,,,,
February,1938,0.03,,,,,,,,,,,
March,1938,0.09,,,,,,,,,,,
April,1938,0.06,,,,,,,,,,,
May,1938,-0.1,,,,,,,,,,,
June,1938,-0.17,,,,,,,,,,,
July,1938,-0.09,,,,,,,,,,,
August,1938,-0.05,,,,,,,,,,,
September,1938,0,,,,,,,,,,,
October,1938,0.15,,,,,,,,,,,
November,1938,0.08,,,,,,,,,,,
December,1938,-0.12,,,,,,,,,,,
January,1939,-0.05,,,,,,,,,,,
February,1939,-0.06,,,,,,,,,,,
March,1939,-0.17,,,,,,,,,,,
April,1939,-0.09,,,,,,,,,,,
May,1939,-0.04,,,,,,,,,,,
June,1939,-0.07,,,,,,,,,,,
July,1939,-0.06,,,,,,,,,,,
August,1939,-0.06,,,,,,,,,,,
September,1939,-0.07,,,,,,,,,,,
October,1939,-0.03,,,,,,,,,,,
November,1939,0.07,,,,,,,,,,,
December,1939,0.44,,,,,,,,,,,
January,1940,0,,,,,,,,,,,
February,1940,0.08,,,,,,,,,,,
March,1940,0.09,,,,,,,,,,,
April,1940,0.18,,,,,,,,,,,
May,1940,0.11,,,,,,,,,,,
June,1940,0.12,,,,,,,,,,,
July,1940,0.12,,,,,,,,,,,
August,1940,0.07,,,,,,,,,,,
September,1940,0.15,,,,,,,,,,,
October,1940,0.12,,,,,,,,,,,
November,1940,0.17,,,,,,,,,,,
December,1940,0.32,,,,,,,,,,,
January,1941,0.18,,,,,,,,,,,
February,1941,0.31,,,,,,,,,,,
March,1941,0.1,,,,,,,,,,,
April,1941,0.16,,,,,,,,,,,
May,1941,0.17,,,,,,,,,,,
June,1941,0.13,,,,,,,,,,,
July,1941,0.22,,,,,,,,,,,
August,1941,0.15,,,,,,,,,,,
September,1941,0.02,,,,,,,,,,,
October,1941,0.35,,,,,,,,,,,
November,1941,0.23,,,,,,,,,,,
December,1941,0.22,,,,,,,,,,,
January,1942,0.3,,,,,,,,,,,
February,1942,0.03,,,,,,,,,,,
March,1942,0.05,,,,,,,,,,,
April,1942,0.1,,,,,,,,,,,
May,1942,0.11,,,,,,,,,,,
June,1942,0.05,,,,,,,,,,,
July,1942,0.01,,,,,,,,,,,
August,1942,-0.03,,,,,,,,,,,
September,1942,-0.03,,,,,,,,,,,
October,1942,0.02,,,,,,,,,,,
November,1942,0.1,,,,,,,,,,,
December,1942,0.13,,,,,,,,,,,
January,1943,-0.01,,,,,,,,,,,
February,1943,0.17,,,,,,,,,,,
March,1943,-0.03,,,,,,,,,,,
April,1943,0.11,,,,,,,,,,,
May,1943,0.07,,,,,,,,,,,
June,1943,-0.05,,,,,,,,,,,
July,1943,0.08,,,,,,,,,,,
August,1943,0.01,,,,,,,,,,,
September,1943,0.05,,,,,,,,,,,
October,1943,0.23,,,,,,,,,,,
November,1943,0.2,,,,,,,,,,,
December,1943,0.24,,,,,,,,,,,
January,1944,0.36,,,,,,,,,,,
February,1944,0.24,,,,,,,,,,,
March,1944,0.26,,,,,,,,,,,
April,1944,0.19,,,,,,,,,,,
May,1944,0.18,,,,,,,,,,,
June,1944,0.16,,,,,,,,,,,
July,1944,0.18,,,,,,,,,,,
August,1944,0.18,,,,,,,,,,,
September,1944,0.28,,,,,,,,,,,
October,1944,0.26,,,,,,,,,,,
November,1944,0.11,,,,,,,,,,,
December,1944,0.04,,,,,,,,,,,
January,1945,0.1,,,,,,,,,,,
February,1945,0,,,,,,,,,,,
March,1945,0.06,,,,,,,,,,,
April,1945,0.19,,,,,,,,,,,
May,1945,0.05,,,,,,,,,,,
June,1945,0,,,,,,,,,,,
July,1945,0.03,,,,,,,,,,,
August,1945,0.26,,,,,,,,,,,
September,1945,0.2,,,,,,,,,,,
October,1945,0.18,,,,,,,,,,,
November,1945,0.07,,,,,,,,,,,
December,1945,-0.07,,,,,,,,,,,
January,1946,0.15,,,,,,,,,,,
February,1946,0.02,,,,,,,,,,,
March,1946,0.01,,,,,,,,,,,
April,1946,0.05,,,,,,,,,,,
May,1946,-0.07,,,,,,,,,,,
June,1946,-0.21,,,,,,,,,,,
July,1946,-0.13,,,,,,,,,,,
August,1946,-0.2,,,,,,,,,,,
September,1946,-0.08,,,,,,,,,,,
October,1946,-0.08,,,,,,,,,,,
November,1946,-0.05,,,,,,,,,,,
December,1946,-0.31,,,,,,,,,,,
January,1947,-0.07,,,,,,,,,,,
February,1947,-0.08,,,,,,,,,,,
March,1947,0.06,,,,,,,,,,,
April,1947,0.06,,,,,,,,,,,
May,1947,-0.02,,,,,,,,,,,
June,1947,-0.02,,,,,,,,,,,
July,1947,-0.04,,,,,,,,,,,
August,1947,-0.07,,,,,,,,,,,
September,1947,-0.13,,,,,,,,,,,
October,1947,0.07,,,,,,,,,,,
November,1947,0.03,,,,,,,,,,,
December,1947,-0.14,,,,,,,,,,,
January,1948,0.06,,,,,,,,,,,
February,1948,-0.15,,,,,,,,,,,
March,1948,-0.25,,,,,,,,,,,
April,1948,-0.12,,,,,,,,,,,
May,1948,-0.01,,,,,,,,,,,
June,1948,-0.05,,,,,,,,,,,
July,1948,-0.11,,,,,,,,,,,
August,1948,-0.12,,,,,,,,,,,
September,1948,-0.15,,,,,,,,,,,
October,1948,-0.05,,,,,,,,,,,
November,1948,-0.12,,,,,,,,,,,
December,1948,-0.24,,,,,,,,,,,
January,1949,0.07,,,,,,,,,,,
February,1949,-0.14,,,,,,,,,,,
March,1949,-0.02,,,,,,,,,,,
April,1949,-0.11,,,,,,,,,,,
May,1949,-0.1,,,,,,,,,,,
June,1949,-0.27,,,,,,,,,,,
July,1949,-0.13,,,,,,,,,,,
August,1949,-0.13,,,,,,,,,,,
September,1949,-0.15,,,,,,,,,,,
October,1949,-0.06,,,,,,,,,,,
November,1949,-0.1,,,,,,,,,,,
December,1949,-0.18,,,,,,,,,,,
January,1950,-0.26,,,,,,,,,,,
February,1950,-0.27,,,,,,,,,,,
March,1950,-0.08,,,,,,,,,,,
April,1950,-0.21,,,,,,,,,,,
May,1950,-0.11,,,,,,,,,,,
June,1950,-0.05,,,,,,,,,,,
July,1950,-0.09,,,,,,,,,,,
August,1950,-0.16,,,,,,,,,,,
September,1950,-0.11,,,,,,,,,,,
October,1950,-0.2,,,,,,,,,,,
November,1950,-0.34,,,,,,,,,,,
December,1950,-0.21,,,,,,,,,,,
January,1951,-0.34,,,,,,,,,,,
February,1951,-0.41,,,,,,,,,,,
March,1951,-0.2,,,,,,,,,,,
April,1951,-0.14,,,,,,,,,,,
May,1951,0,,,,,,,,,,,
June,1951,-0.06,,,,,,,,,,,
July,1951,-0.01,,,,,,,,,,,
August,1951,0.06,,,,,,,,,,,
September,1951,0.05,,,,,,,,,,,
October,1951,0.08,,,,,,,,,,,
November,1951,-0.01,,,,,,,,,,,
December,1951,0.16,,,,,,,,,,,
January,1952,0.11,,,,,,,,,,,
February,1952,0.11,,,,,,,,,,,
March,1952,-0.08,,,,,,,,,,,
April,1952,0.03,,,,,,,,,,,
May,1952,-0.03,,,,,,,,,,,
June,1952,-0.03,,,,,,,,,,,
July,1952,0.04,,,,,,,,,,,
August,1952,0.05,,,,,,,,,,,
September,1952,0.07,,,,,,,,,,,
October,1952,0,,,,,,,,,,,
November,1952,-0.13,,,,,,,,,,,
December,1952,-0.02,,,,,,,,,,,
January,1953,0.07,,,,,,,,,,,
February,1953,0.15,,,,,,,,,,,
March,1953,0.11,,,,,,,,,,,
April,1953,0.19,,,,,,,,,,,
May,1953,0.11,,,,,,,,,,,
June,1953,0.11,,,,,,,,,,,
July,1953,0.01,,,,,,,,,,,
August,1953,0.05,,,,,,,,,,,
September,1953,0.04,,,,,,,,,,,
October,1953,0.08,,,,,,,,,,,
November,1953,-0.03,,,,,,,,,,,
December,1953,0.05,,,,,,,,,,,
January,1954,-0.24,,,,,,,,,,,
February,1954,-0.1,,,,,,,,,,,
March,1954,-0.15,,,,,,,,,,,
April,1954,-0.14,,,,,,,,,,,
May,1954,-0.2,,,,,,,,,,,
June,1954,-0.18,,,,,,,,,,,
July,1954,-0.19,,,,,,,,,,,
August,1954,-0.17,,,,,,,,,,,
September,1954,-0.1,,,,,,,,,,,
October,1954,-0.02,,,,,,,,,,,
November,1954,0.08,,,,,,,,,,,
December,1954,-0.18,,,,,,,,,,,
January,1955,0.13,,,,,,,,,,,
February,1955,-0.16,,,,,,,,,,,
March,1955,-0.32,,,,,,,,,,,
April,1955,-0.22,,,,,,,,,,,
May,1955,-0.2,,,,,,,,,,,
June,1955,-0.14,,,,,,,,,,,
July,1955,-0.12,,,,,,,,,,,
August,1955,0.02,,,,,,,,,,,
September,1955,-0.11,,,,,,,,,,,
October,1955,-0.05,,,,,,,,,,,
November,1955,-0.25,,,,,,,,,,,
December,1955,-0.28,,,,,,,,,,,
January,1956,-0.13,,,,,,,,,,,
February,1956,-0.24,,,,,,,,,,,
March,1956,-0.21,,,,,,,,,,,
April,1956,-0.28,,,,,,,,,,,
May,1956,-0.29,,,,,,,,,,,
June,1956,-0.16,,,,,,,,,,,
July,1956,-0.09,,,,,,,,,,,
August,1956,-0.26,,,,,,,,,,,
September,1956,-0.19,,,,,,,,,,,
October,1956,-0.23,,,,,,,,,,,
November,1956,-0.14,,,,,,,,,,,
December,1956,-0.06,,,,,,,,,,,
January,1957,-0.09,,,,,,,,,,,
February,1957,-0.03,,,,,,,,,,,
March,1957,-0.04,,,,,,,,,,,
April,1957,0.01,,,,,,,,,,,
May,1957,0.1,,,,,,,,,,,
June,1957,0.16,,,,,,,,,,,
July,1957,0.03,,,,,,,,,,,
August,1957,0.13,,,,,,,,,,,
September,1957,0.08,,,,,,,,,,,
October,1957,0,,,,,,,,,,,
November,1957,0.07,,,,,,,,,,,
December,1957,0.15,,,,,,,,,,,
January,1958,0.39,,,,,,,,,,,
February,1958,0.21,,,,,,,,,,,
March,1958,0.09,,,,,,,,,,,
April,1958,0.01,,,,,,,,,,,
May,1958,0.05,,,,,,,,,,,
June,1958,-0.07,,,,,,,,,,,
July,1958,0.06,,,,,,,,,,,
August,1958,-0.03,,,,,,,,,,,
September,1958,-0.02,,,,,,,,,,,
October,1958,0.04,,,,,,,,,,,
November,1958,0.02,,,,,,,,,,,
December,1958,0.01,,,,,,,,,,,
January,1959,0.08,,,,,,,,,,,
February,1959,0.07,,,,,,,,,,,
March,1959,0.17,,,,,,,,,,,
April,1959,0.14,,,,,,,,,,,
May,1959,0.05,,,,,,,,,,,
June,1959,0.03,,,,,,,,,,,
July,1959,0.03,,,,,,,,,,,
August,1959,0,,,,,,,,,,,
September,1959,-0.06,,,,,,,,,,,
October,1959,-0.06,,,,,,,,,,,
November,1959,-0.08,,,,,,,,,,,
December,1959,0,,,,,,,,,,,
January,1960,0,,,,,,,,,,,
February,1960,0.15,,,,,,,,,,,
March,1960,-0.34,,,,,,,,,,,
April,1960,-0.15,,,,,,,,,,,
May,1960,-0.07,,,,,,,,,,,
June,1960,-0.04,,,,,,,,,,,
July,1960,-0.04,,,,,,,,,,,
August,1960,0.03,,,,,,,,,,,
September,1960,0.06,,,,,,,,,,,
October,1960,0.05,,,,,,,,,,,
November,1960,-0.11,,,,,,,,,,,
December,1960,0.19,,,,,,,,,,,
January,1961,0.07,,,,,,,,,,,
February,1961,0.19,,,,,,,,,,,
March,1961,0.1,,,,,,,,,,,
April,1961,0.12,,,,,,,,,,,
May,1961,0.13,,,,,,,,,,,
June,1961,0.11,,,,,,,,,,,
July,1961,0.01,,,,,,,,,,,
August,1961,0.01,,,,,,,,,,,
September,1961,0.08,,,,,,,,,,,
October,1961,0.02,,,,,,,,,,,
November,1961,0.03,,,,,,,,,,,
December,1961,-0.16,,,,,,,,,,,
January,1962,0.06,,,,,,,,,,,
February,1962,0.15,,,,,,,,,,,
March,1962,0.11,,,,,,,,,,,
April,1962,0.06,,,,,,,,,,,
May,1962,-0.07,,,,,,,,,,,
June,1962,0.05,,,,,,,,,,,
July,1962,0.02,,,,,,,,,,,
August,1962,-0.02,,,,,,,,,,,
September,1962,0.02,,,,,,,,,,,
October,1962,0.02,,,,,,,,,,,
November,1962,0.06,,,,,,,,,,,
December,1962,-0.02,,,,,,,,,,,
January,1963,-0.03,,,,,,,,,,,
February,1963,0.19,,,,,,,,,,,
March,1963,-0.13,,,,,,,,,,,
April,1963,-0.07,,,,,,,,,,,
May,1963,-0.06,,,,,,,,,,,
June,1963,0.03,,,,,,,,,,,
July,1963,0.07,,,,,,,,,,,
August,1963,0.22,,,,,,,,,,,
September,1963,0.18,,,,,,,,,,,
October,1963,0.14,,,,,,,,,,,
November,1963,0.14,,,,,,,,,,,
December,1963,-0.03,,,,,,,,,,,
January,1964,-0.09,,,,,,,,,,,
February,1964,-0.1,,,,,,,,,,,
March,1964,-0.22,,,,,,,,,,,
April,1964,-0.32,,,,,,,,,,,
May,1964,-0.25,,,,,,,,,,,
June,1964,-0.04,,,,,,,,,,,
July,1964,-0.05,,,,,,,,,,,
August,1964,-0.21,,,,,,,,,,,
September,1964,-0.3,,,,,,,,,,,
October,1964,-0.31,,,,,,,,,,,
November,1964,-0.22,,,,,,,,,,,
December,1964,-0.29,,,,,,,,,,,
January,1965,-0.08,,,,,,,,,,,
February,1965,-0.17,,,,,,,,,,,
March,1965,-0.12,,,,,,,,,,,
April,1965,-0.2,,,,,,,,,,,
May,1965,-0.11,,,,,,,,,,,
June,1965,-0.08,,,,,,,,,,,
July,1965,-0.14,,,,,,,,,,,
August,1965,-0.05,,,,,,,,,,,
September,1965,-0.14,,,,,,,,,,,
October,1965,-0.06,,,,,,,,,,,
November,1965,-0.06,,,,,,,,,,,
December,1965,-0.08,,,,,,,,,,,
January,1966,-0.19,,,,,,,,,,,
February,1966,-0.05,,,,,,,,,,,
March,1966,0.03,,,,,,,,,,,
April,1966,-0.14,,,,,,,,,,,
May,1966,-0.12,,,,,,,,,,,
June,1966,0,,,,,,,,,,,
July,1966,0.08,,,,,,,,,,,
August,1966,-0.08,,,,,,,,,,,
September,1966,-0.03,,,,,,,,,,,
October,1966,-0.16,,,,,,,,,,,
November,1966,-0.01,,,,,,,,,,,
December,1966,-0.03,,,,,,,,,,,
January,1967,-0.08,,,,,,,,,,,
February,1967,-0.21,,,,,,,,,,,
March,1967,0.05,,,,,,,,,,,
April,1967,-0.04,,,,,,,,,,,
May,1967,0.11,,,,,,,,,,,
June,1967,-0.08,,,,,,,,,,,
July,1967,0.03,,,,,,,,,,,
August,1967,-0.01,,,,,,,,,,,
September,1967,-0.05,,,,,,,,,,,
October,1967,0.1,,,,,,,,,,,
November,1967,-0.04,,,,,,,,,,,
December,1967,-0.05,,,,,,,,,,,
January,1968,-0.26,,,,,,,,,,,
February,1968,-0.15,,,,,,,,,,,
March,1968,0.2,,,,,,,,,,,
April,1968,-0.06,,,,,,,,,,,
May,1968,-0.13,,,,,,,,,,,
June,1968,-0.08,,,,,,,,,,,
July,1968,-0.13,,,,,,,,,,,
August,1968,-0.08,,,,,,,,,,,
September,1968,-0.17,,,,,,,,,,,
October,1968,0.09,,,,,,,,,,,
November,1968,-0.05,,,,,,,,,,,
December,1968,-0.14,,,,,,,,,,,
January,1969,-0.11,,,,,,,,,,,
February,1969,-0.17,,,,,,,,,,,
March,1969,0.01,,,,,,,,,,,
April,1969,0.17,,,,,,,,,,,
May,1969,0.18,,,,,,,,,,,
June,1969,0.04,,,,,,,,,,,
July,1969,-0.04,,,,,,,,,,,
August,1969,0.03,,,,,,,,,,,
September,1969,0.08,,,,,,,,,,,
October,1969,0.1,,,,,,,,,,,
November,1969,0.12,,,,,,,,,,,
December,1969,0.24,,,,,,,,,,,
January,1970,0.08,,,,,,,,,,,
February,1970,0.22,,,,,,,,,,,
March,1970,0.06,,,,,,,,,,,
April,1970,0.05,,,,,,,,,,,
May,1970,-0.04,,,,,,,,,,,
June,1970,-0.03,,,,,,,,,,,
July,1970,0.01,,,,,,,,,,,
August,1970,-0.1,,,,,,,,,,,
September,1970,0.11,,,,,,,,,,,
October,1970,0.03,,,,,,,,,,,
November,1970,0.02,,,,,,,,,,,
December,1970,-0.12,,,,,,,,,,,
January,1971,-0.03,,,,,,,,,,,
February,1971,-0.16,,,,,,,,,,,
March,1971,-0.18,,,,,,,,,,,
April,1971,-0.07,,,,,,,,,,,
May,1971,-0.05,,,,,,,,,,,
June,1971,-0.17,,,,,,,,,,,
July,1971,-0.08,,,,,,,,,,,
August,1971,-0.01,,,,,,,,,,,
September,1971,-0.06,,,,,,,,,,,
October,1971,-0.04,,,,,,,,,,,
November,1971,-0.07,,,,,,,,,,,
December,1971,-0.08,,,,,,,,,,,
January,1972,-0.22,,,,,,,,,,,
February,1972,-0.18,,,,,,,,,,,
March,1972,0.02,,,,,,,,,,,
April,1972,0.01,,,,,,,,,,,
May,1972,-0.03,,,,,,,,,,,
June,1972,0.04,,,,,,,,,,,
July,1972,0.01,,,,,,,,,,,
August,1972,0.16,,,,,,,,,,,
September,1972,0.02,,,,,,,,,,,
October,1972,0.08,,,,,,,,,,,
November,1972,0.02,,,,,,,,,,,
December,1972,0.17,,,,,,,,,,,
January,1973,0.28,,,,,,,,,,,
February,1973,0.33,,,,,,,,,,,
March,1973,0.29,,,,,,,,,,,
April,1973,0.27,,,,,,,,,,,
May,1973,0.22,,,,,,,,,,,
June,1973,0.19,,,,,,,,,,,
July,1973,0.13,,,,,,,,,,,
August,1973,0.05,,,,,,,,,,,
September,1973,0.09,,,,,,,,,,,
October,1973,0.1,,,,,,,,,,,
November,1973,0.05,,,,,,,,,,,
December,1973,-0.06,,,,,,,,,,,
January,1974,-0.11,,,,,,,,,,,
February,1974,-0.27,,,,,,,,,,,
March,1974,-0.05,,,,,,,,,,,
April,1974,-0.11,,,,,,,,,,,
May,1974,-0.04,,,,,,,,,,,
June,1974,-0.05,,,,,,,,,,,
July,1974,-0.03,,,,,,,,,,,
August,1974,0.1,,,,,,,,,,,
September,1974,-0.08,,,,,,,,,,,
October,1974,-0.06,,,,,,,,,,,
November,1974,-0.07,,,,,,,,,,,
December,1974,-0.08,,,,,,,,,,,
January,1975,0.1,,,,,,,,,,,
February,1975,0.08,,,,,,,,,,,
March,1975,0.12,,,,,,,,,,,
April,1975,0.04,,,,,,,,,,,
May,1975,0.16,,,,,,,,,,,
June,1975,-0.01,,,,,,,,,,,
July,1975,-0.01,,,,,,,,,,,
August,1975,-0.17,,,,,,,,,,,
September,1975,-0.03,,,,,,,,,,,
October,1975,-0.12,,,,,,,,,,,
November,1975,-0.17,,,,,,,,,,,
December,1975,-0.17,,,,,,,,,,,
January,1976,-0.03,,,,,,,,,,,
February,1976,-0.06,,,,,,,,,,,
March,1976,-0.22,,,,,,,,,,,
April,1976,-0.07,,,,,,,,,,,
May,1976,-0.21,,,,,,,,,,,
June,1976,-0.13,,,,,,,,,,,
July,1976,-0.1,,,,,,,,,,,
August,1976,-0.12,,,,,,,,,,,
September,1976,-0.06,,,,,,,,,,,
October,1976,-0.24,,,,,,,,,,,
November,1976,-0.06,,,,,,,,,,,
December,1976,0.11,,,,,,,,,,,
January,1977,0.18,,,,,,,,,,,
February,1977,0.22,,,,,,,,,,,
March,1977,0.24,,,,,,,,,,,
April,1977,0.27,,,,,,,,,,,
May,1977,0.32,,,,,,,,,,,
June,1977,0.27,,,,,,,,,,,
July,1977,0.2,,,,,,,,,,,
August,1977,0.18,,,,,,,,,,,
September,1977,0.02,,,,,,,,,,,
October,1977,0.03,,,,,,,,,,,
November,1977,0.16,,,,,,,,,,,
December,1977,0.03,,,,,,,,,,,
January,1978,0.06,,,,,,,,,,,
February,1978,0.1,,,,,,,,,,,
March,1978,0.19,,,,,,,,,,,
April,1978,0.17,,,,,,,,,,,
May,1978,0.09,,,,,,,,,,,
June,1978,-0.01,,,,,,,,,,,
July,1978,0.04,,,,,,,,,,,
August,1978,-0.13,,,,,,,,,,,
September,1978,0.06,,,,,,,,,,,
October,1978,0.03,,,,,,,,,,,
November,1978,0.14,,,,,,,,,,,
December,1978,0.08,,,,,,,,,,,
January,1979,0.08,,,,,,,,,,,
February,1979,-0.1,,,,,,,,,,,
March,1979,0.19,,,,,,,,,,,
April,1979,0.15,,,,,,,,,,,
May,1979,0.03,,,,,,,,,,,
June,1979,0.14,,,,,,,,,,,
July,1979,0.04,,,,,,,,,,,
August,1979,0.17,,,,,,,,,,,
September,1979,0.25,,,,,,,,,,,
October,1979,0.25,,,,,,,,,,,
November,1979,0.29,,,,,,,,,,,
December,1979,0.48,,,,,,,,,,,
January,1980,0.3,,,,,,,,,,,
February,1980,0.4,,,,,,,,,,,
March,1980,0.3,,,,,,,,,,,
April,1980,0.3,,,,,,,,,,,
May,1980,0.35,,,,,,,,,,,
June,1980,0.2,,,,,,,,,,,
July,1980,0.22,,,,,,,,,,,
August,1980,0.18,,,,,,,,,,,
September,1980,0.2,,,,,,,,,,,
October,1980,0.13,,,,,,,,,,,
November,1980,0.3,,,,,,,,,,,
December,1980,0.22,,,,,,,,,,,
January,1981,0.52,,,,,,,,,,,
February,1981,0.42,,,,,,,,,,,
March,1981,0.48,,,,,,,,,,,
April,1981,0.32,,,,,,,,,,,
May,1981,0.24,,,,,,,,,,,
June,1981,0.29,,,,,,,,,,,
July,1981,0.32,,,,,,,,,,,
August,1981,0.35,,,,,,,,,,,
September,1981,0.15,,,,,,,,,,,
October,1981,0.12,,,,,,,,,,,
November,1981,0.23,,,,,,,,,,,
December,1981,0.41,,,,,,,,,,,
January,1982,0.05,,,,,,,,,,,
February,1982,0.15,,,,,,,,,,,
March,1982,0.03,,,,,,,,,,,
April,1982,0.15,,,,,,,,,,,
May,1982,0.18,,,,,,,,,,,
June,1982,0.06,,,,,,,,,,,
July,1982,0.14,,,,,,,,,,,
August,1982,0.04,,,,,,,,,,,
September,1982,0.14,,,,,,,,,,,
October,1982,0.13,,,,,,,,,,,
November,1982,0.17,,,,,,,,,,,
December,1982,0.42,,,,,,,,,,,
January,1983,0.53,,,,,,,,,,,
February,1983,0.43,,,,,,,,,,,
March,1983,0.41,,,,,,,,,,,
April,1983,0.28,,,,,,,,,,,
May,1983,0.33,,,,,,,,,,,
June,1983,0.22,,,,,,,,,,,
July,1983,0.18,,,,,,,,,,,
August,1983,0.35,,,,,,,,,,,
September,1983,0.37,,,,,,,,,,,
October,1983,0.16,,,,,,,,,,,
November,1983,0.3,,,,,,,,,,,
December,1983,0.17,,,,,,,,,,,
January,1984,0.31,,,,,,,,,,,
February,1984,0.14,,,,,,,,,,,
March,1984,0.26,,,,,,,,,,,
April,1984,0.06,,,,,,,,,,,
May,1984,0.32,,,,,,,,,,,
June,1984,0.02,,,,,,,,,,,
July,1984,0.19,,,,,,,,,,,
August,1984,0.19,,,,,,,,,,,
September,1984,0.21,,,,,,,,,,,
October,1984,0.13,,,,,,,,,,,
November,1984,0.07,,,,,,,,,,,
December,1984,-0.04,,,,,,,,,,,
January,1985,0.22,,,,,,,,,,,
February,1985,-0.04,,,,,,,,,,,
March,1985,0.17,,,,,,,,,,,
April,1985,0.12,,,,,,,,,,,
May,1985,0.14,,,,,,,,,,,
June,1985,0.15,,,,,,,,,,,
July,1985,0.04,,,,,,,,,,,
August,1985,0.16,,,,,,,,,,,
September,1985,0.13,,,,,,,,,,,
October,1985,0.11,,,,,,,,,,,
November,1985,0.05,,,,,,,,,,,
December,1985,0.13,,,,,,,,,,,
January,1986,0.27,,,,,,,,,,,
February,1986,0.37,,,,,,,,,,,
March,1986,0.3,,,,,,,,,,,
April,1986,0.22,,,,,,,,,,,
May,1986,0.21,,,,,,,,,,,
June,1986,0.12,,,,,,,,,,,
July,1986,0.11,,,,,,,,,,,
August,1986,0.15,,,,,,,,,,,
September,1986,0.03,,,,,,,,,,,
October,1986,0.15,,,,,,,,,,,
November,1986,0.11,,,,,,,,,,,
December,1986,0.14,,,,,,,,,,,
January,1987,0.32,,,,,,,,,,,
February,1987,0.43,,,,,,,,,,,
March,1987,0.18,,,,,,,,,,,
April,1987,0.24,,,,,,,,,,,
May,1987,0.25,,,,,,,,,,,
June,1987,0.34,,,,,,,,,,,
July,1987,0.4,,,,,,,,,,,
August,1987,0.24,,,,,,,,,,,
September,1987,0.35,,,,,,,,,,,
October,1987,0.32,,,,,,,,,,,
November,1987,0.29,,,,,,,,,,,
December,1987,0.46,,,,,,,,,,,
January,1988,0.56,,,,,,,,,,,
February,1988,0.44,,,,,,,,,,,
March,1988,0.51,,,,,,,,,,,
April,1988,0.42,,,,,,,,,,,
May,1988,0.43,,,,,,,,,,,
June,1988,0.39,,,,,,,,,,,
July,1988,0.32,,,,,,,,,,,
August,1988,0.39,,,,,,,,,,,
September,1988,0.36,,,,,,,,,,,
October,1988,0.37,,,,,,,,,,,
November,1988,0.12,,,,,,,,,,,
December,1988,0.28,,,,,,,,,,,
January,1989,0.12,,,,,,,,,,,
February,1989,0.3,,,,,,,,,,,
March,1989,0.36,,,,,,,,,,,
April,1989,0.29,,,,,,,,,,,
May,1989,0.17,,,,,,,,,,,
June,1989,0.16,,,,,,,,,,,
July,1989,0.34,,,,,,,,,,,
August,1989,0.33,,,,,,,,,,,
September,1989,0.35,,,,,,,,,,,
October,1989,0.29,,,,,,,,,,,
November,1989,0.19,,,,,,,,,,,
December,1989,0.37,,,,,,,,,,,
January,1990,0.41,,,,,,,,,,,
February,1990,0.43,,,,,,,,,,,
March,1990,0.8,,,,,,,,,,,
April,1990,0.56,,,,,,,,,,,
May,1990,0.45,,,,,,,,,,,
June,1990,0.39,,,,,,,,,,,
July,1990,0.46,,,,,,,,,,,
August,1990,0.34,,,,,,,,,,,
September,1990,0.23,,,,,,,,,,,
October,1990,0.44,,,,,,,,,,,
November,1990,0.47,,,,,,,,,,,
December,1990,0.4,,,,,,,,,,,
January,1991,0.42,,,,,,,,,,,
February,1991,0.49,,,,,,,,,,,
March,1991,0.35,,,,,,,,,,,
April,1991,0.51,,,,,,,,,,,
May,1991,0.34,,,,,,,,,,,
June,1991,0.53,,,,,,,,,,,
July,1991,0.47,,,,,,,,,,,
August,1991,0.4,,,,,,,,,,,
September,1991,0.44,,,,,,,,,,,
October,1991,0.28,,,,,,,,,,,
November,1991,0.29,,,,,,,,,,,
December,1991,0.31,,,,,,,,,,,
January,1992,0.47,,,,,,,,,,,
February,1992,0.41,,,,,,,,,,,
March,1992,0.47,,,,,,,,,,,
April,1992,0.27,,,,,,,,,,,
May,1992,0.3,,,,,,,,,,,
June,1992,0.25,,,,,,,,,,,
July,1992,0.08,,,,,,,,,,,
August,1992,0.08,,,,,,,,,,,
September,1992,-0.01,,,,,,,,,,,
October,1992,0.06,,,,,,,,,,,
November,1992,0.02,,,,,,,,,,,
December,1992,0.21,,,,,,,,,,,
January,1993,0.34,,,,,,,,,,,
February,1993,0.37,,,,,,,,,,,
March,1993,0.36,,,,,,,,,,,
April,1993,0.27,,,,,,,,,,,
May,1993,0.28,,,,,,,,,,,
June,1993,0.23,,,,,,,,,,,
July,1993,0.25,,,,,,,,,,,
August,1993,0.11,,,,,,,,,,,
September,1993,0.12,,,,,,,,,,,
October,1993,0.23,,,,,,,,,,,
November,1993,0.04,,,,,,,,,,,
December,1993,0.18,,,,,,,,,,,
January,1994,0.26,,,,,,,,,,,
February,1994,0.02,,,,,,,,,,,
March,1994,0.3,,,,,,,,,,,
April,1994,0.4,,,,,,,,,,,
May,1994,0.27,,,,,,,,,,,
June,1994,0.43,,,,,,,,,,,
July,1994,0.3,,,,,,,,,,,
August,1994,0.22,,,,,,,,,,,
September,1994,0.32,,,,,,,,,,,
October,1994,0.41,,,,,,,,,,,
November,1994,0.44,,,,,,,,,,,
December,1994,0.38,,,,,,,,,,,
January,1995,0.52,,,,,,,,,,,
February,1995,0.79,,,,,,,,,,,
March,1995,0.47,,,,,,,,,,,
April,1995,0.46,,,,,,,,,,,
May,1995,0.28,,,,,,,,,,,
June,1995,0.42,,,,,,,,,,,
July,1995,0.45,,,,,,,,,,,
August,1995,0.46,,,,,,,,,,,
September,1995,0.34,,,,,,,,,,,
October,1995,0.47,,,,,,,,,,,
November,1995,0.44,,,,,,,,,,,
December,1995,0.25,,,,,,,,,,,
January,1996,0.24,,,,,,,,,,,
February,1996,0.46,,,,,,,,,,,
March,1996,0.33,,,,,,,,,,,
April,1996,0.32,,,,,,,,,,,
May,1996,0.28,,,,,,,,,,,
June,1996,0.25,,,,,,,,,,,
July,1996,0.36,,,,,,,,,,,
August,1996,0.48,,,,,,,,,,,
September,1996,0.25,,,,,,,,,,,
October,1996,0.19,,,,,,,,,,,
November,1996,0.39,,,,,,,,,,,
December,1996,0.37,,,,,,,,,,,
January,1997,0.3,,,,,,,,,,,
February,1997,0.41,,,,,,,,,,,
March,1997,0.52,,,,,,,,,,,
April,1997,0.35,,,,,,,,,,,
May,1997,0.36,,,,,,,,,,,
June,1997,0.54,,,,,,,,,,,
July,1997,0.34,,,,,,,,,,,
August,1997,0.43,,,,,,,,,,,
September,1997,0.52,,,,,,,,,,,
October,1997,0.6,,,,,,,,,,,
November,1997,0.64,,,,,,,,,,,
December,1997,0.58,,,,,,,,,,,
January,1998,0.58,,,,,,,,,,,
February,1998,0.87,,,,,,,,,,,
March,1998,0.64,,,,,,,,,,,
April,1998,0.64,,,,,,,,,,,
May,1998,0.66,,,,,,,,,,,
June,1998,0.76,,,,,,,,,,,
July,1998,0.68,,,,,,,,,,,
August,1998,0.66,,,,,,,,,,,
September,1998,0.42,,,,,,,,,,,
October,1998,0.42,,,,,,,,,,,
November,1998,0.44,,,,,,,,,,,
December,1998,0.56,,,,,,,,,,,
January,1999,0.49,,,,,,,,,,,
February,1999,0.65,,,,,,,,,,,
March,1999,0.32,,,,,,,,,,,
April,1999,0.33,,,,,,,,,,,
May,1999,0.27,,,,,,,,,,,
June,1999,0.36,,,,,,,,,,,
July,1999,0.38,,,,,,,,,,,
August,1999,0.32,,,,,,,,,,,
September,1999,0.39,,,,,,,,,,,
October,1999,0.34,,,,,,,,,,,
November,1999,0.37,,,,,,,,,,,
December,1999,0.42,,,,,,,,,,,
January,2000,0.26,,,,,,,,,,,
February,2000,0.56,,,,,,,,,,,
March,2000,0.55,,,,,,,,,,,
April,2000,0.57,,,,,,,,,,,
May,2000,0.35,,,,,,,,,,,
June,2000,0.39,,,,,,,,,,,
July,2000,0.38,,,,,,,,,,,
August,2000,0.42,,,,,,,,,,,
September,2000,0.4,,,,,,,,,,,
October,2000,0.28,,,,,,,,,,,
November,2000,0.31,,,,,,,,,,,
December,2000,0.29,,,,,,,,,,,
January,2001,0.46,,,,,,,,,,,
February,2001,0.44,,,,,,,,,,,
March,2001,0.56,,,,,,,,,,,
April,2001,0.51,,,,,,,,,,,
May,2001,0.58,,,,,,,,,,,
June,2001,0.52,,,,,,,,,,,
July,2001,0.59,,,,,,,,,,,
August,2001,0.5,,,,,,,,,,,
September,2001,0.52,,,,,,,,,,,
October,2001,0.51,,,,,,,,,,,
November,2001,0.73,,,,,,,,,,,
December,2001,0.56,,,,,,,,,,,
January,2002,0.78,,,,,,,,,,,
February,2002,0.79,,,,,,,,,,,
March,2002,0.88,,,,,,,,,,,
April,2002,0.58,,,,,,,,,,,
May,2002,0.63,,,,,,,,,,,
June,2002,0.53,,,,,,,,,,,
July,2002,0.61,,,,,,,,,,,
August,2002,0.53,,,,,,,,,,,
September,2002,0.64,,,,,,,,,,,
October,2002,0.54,,,,,,,,,,,
November,2002,0.59,,,,,,,,,,,
December,2002,0.44,,,,,,,,,,,
January,2003,0.75,,,,,,,,,,,
February,2003,0.58,,,,,,,,,,,
March,2003,0.6,,,,,,,,,,,
April,2003,0.55,,,,,,,,,,,
May,2003,0.61,,,,,,,,,,,
June,2003,0.48,,,,,,,,,,,
July,2003,0.58,,,,,,,,,,,
August,2003,0.65,,,,,,,,,,,
September,2003,0.63,,,,,,,,,,,
October,2003,0.74,,,,,,,,,,,
November,2003,0.53,,,,,,,,,,,
December,2003,0.75,,,,,,,,,,,
January,2004,0.58,,,,,,,,,,,
February,2004,0.73,,,,,,,,,,,
March,2004,0.63,,,,,,,,,,,
April,2004,0.61,,,,,,,,,,,
May,2004,0.39,,,,,,,,,,,
June,2004,0.44,,,,,,,,,,,
July,2004,0.27,,,,,,,,,,,
August,2004,0.47,,,,,,,,,,,
September,2004,0.51,,,,,,,,,,,
October,2004,0.61,,,,,,,,,,,
November,2004,0.73,,,,,,,,,,,
December,2004,0.51,,,,,,,,,,,
January,2005,0.75,,,,,,,,,,,
February,2005,0.6,,,,,,,,,,,
March,2005,0.74,,,,,,,,,,,
April,2005,0.68,,,,,,,,,,,
May,2005,0.63,,,,,,,,,,,
June,2005,0.65,,,,,,,,,,,
July,2005,0.62,,,,,,,,,,,
August,2005,0.62,,,,,,,,,,,
September,2005,0.72,,,,,,,,,,,
October,2005,0.75,,,,,,,,,,,
November,2005,0.74,,,,,,,,,,,
December,2005,0.68,,,,,,,,,,,
January,2006,0.56,,,,,,,,,,,
February,2006,0.73,,,,,,,,,,,
March,2006,0.63,,,,,,,,,,,
April,2006,0.49,,,,,,,,,,,
May,2006,0.5,,,,,,,,,,,
June,2006,0.66,,,,,,,,,,,
July,2006,0.55,,,,,,,,,,,
August,2006,0.71,,,,,,,,,,,
September,2006,0.65,,,,,,,,,,,
October,2006,0.69,,,,,,,,,,,
November,2006,0.73,,,,,,,,,,,
December,2006,0.79,,,,,,,,,,,
January,2007,1.02,,,,,,,,,,,
February,2007,0.7,,,,,,,,,,,
March,2007,0.72,,,,,,,,,,,
April,2007,0.75,,,,,,,,,,,
May,2007,0.68,,,,,,,,,,,
June,2007,0.61,,,,,,,,,,,
July,2007,0.6,,,,,,,,,,,
August,2007,0.6,,,,,,,,,,,
September,2007,0.6,,,,,,,,,,,
October,2007,0.59,,,,,,,,,,,
November,2007,0.58,,,,,,,,,,,
December,2007,0.49,,,,,,,,,,,
January,2008,0.3,,,,,,,,,,,
February,2008,0.38,,,,,,,,,,,
March,2008,0.74,,,,,,,,,,,
April,2008,0.53,,,,,,,,,,,
May,2008,0.49,,,,,,,,,,,
June,2008,0.49,,,,,,,,,,,
July,2008,0.6,,,,,,,,,,,
August,2008,0.47,,,,,,,,,,,
September,2008,0.61,,,,,,,,,,,
October,2008,0.65,,,,,,,,,,,
November,2008,0.69,,,,,,,,,,,
December,2008,0.54,,,,,,,,,,,
January,2009,0.65,,,,,,,,,,,
February,2009,0.53,,,,,,,,,,,
March,2009,0.54,,,,,,,,,,,
April,2009,0.6,,,,,,,,,,,
May,2009,0.66,,,,,,,,,,,
June,2009,0.65,,,,,,,,,,,
July,2009,0.71,,,,,,,,,,,
August,2009,0.68,,,,,,,,,,,
September,2009,0.73,,,,,,,,,,,
October,2009,0.66,,,,,,,,,,,
November,2009,0.81,,,,,,,,,,,
December,2009,0.67,,,,,,,,,,,
January,2010,0.75,,,,,,,,,,,
February,2010,0.83,,,,,,,,,,,
March,2010,0.91,,,,,,,,,,,
April,2010,0.84,,,,,,,,,,,
May,2010,0.76,,,,,,,,,,,
June,2010,0.68,,,,,,,,,,,
July,2010,0.64,,,,,,,,,,,
August,2010,0.66,,,,,,,,,,,
September,2010,0.63,,,,,,,,,,,
October,2010,0.7,,,,,,,,,,,
November,2010,0.82,,,,,,,,,,,
December,2010,0.45,,,,,,,,,,,
January,2011,0.52,,,,,,,,,,,
February,2011,0.49,,,,,,,,,,,
March,2011,0.65,,,,,,,,,,,
April,2011,0.65,,,,,,,,,,,
May,2011,0.52,,,,,,,,,,,
June,2011,0.61,,,,,,,,,,,
July,2011,0.71,,,,,,,,,,,
August,2011,0.73,,,,,,,,,,,
September,2011,0.58,,,,,,,,,,,
October,2011,0.66,,,,,,,,,,,
November,2011,0.59,,,,,,,,,,,
December,2011,0.61,,,,,,,,,,,
January,2012,0.5,,,,,,,,,,,
February,2012,0.49,,,,,,,,,,,
March,2012,0.57,,,,,,,,,,,
April,2012,0.71,,,,,,,,,,,
May,2012,0.77,,,,,,,,,,,
June,2012,0.65,,,,,,,,,,,
July,2012,0.58,,,,,,,,,,,
August,2012,0.64,,,,,,,,,,,
September,2012,0.71,,,,,,,,,,,
October,2012,0.79,,,,,,,,,,,
November,2012,0.79,,,,,,,,,,,
December,2012,0.53,,,,,,,,,,,
January,2013,0.71,,,,,,,,,,,
February,2013,0.63,,,,,,,,,,,
March,2013,0.67,,,,,,,,,,,
April,2013,0.56,,,,,,,,,,,
May,2013,0.62,,,,,,,,,,,
June,2013,0.71,,,,,,,,,,,
July,2013,0.61,,,,,,,,,,,
August,2013,0.7,,,,,,,,,,,
September,2013,0.77,,,,,,,,,,,
October,2013,0.69,,,,,,,,,,,
November,2013,0.85,,,,,,,,,,,
December,2013,0.7,,,,,,,,,,,
January,2014,0.76,,,,,,,,,,,
February,2014,0.55,,,,,,,,,,,
March,2014,0.79,,,,,,,,,,,
April,2014,0.81,,,,,,,,,,,
May,2014,0.85,,,,,,,,,,,
June,2014,0.67,,,,,,,,,,,
July,2014,0.59,,,,,,,,,,,
August,2014,0.81,,,,,,,,,,,
September,2014,0.85,,,,,,,,,,,
October,2014,0.8,,,,,,,,,,,
November,2014,0.67,,,,,,,,,,,
December,2014,0.8,,,,,,,,,,,
January,2015,0.85,,,,,,,,,,,
February,2015,0.9,,,,,,,,,,,
March,2015,0.96,,,,,,,,,,,
April,2015,0.77,,,,,,,,,,,
May,2015,0.79,,,,,,,,,,,
June,2015,0.81,,,,,,,,,,,
July,2015,0.75,,,,,,,,,,,
August,2015,0.83,,,,,,,,,,,
September,2015,0.84,,,,,,,,,,,
October,2015,1.08,,,,,,,,,,,
November,2015,1.06,,,,,,,,,,,
December,2015,1.16,,,,,,,,,,,
January,2016,1.17,,,,,,,,,,,
February,2016,1.37,,,,,,,,,,,
March,2016,1.36,,,,,,,,,,,
April,2016,1.12,,,,,,,,,,,
May,2016,0.96,,,,,,,,,,,
June,2016,0.82,,,,,,,,,,,
July,2016,0.84,,,,,,,,,,,
August,2016,1.01,,,,,,,,,,,
September,2016,0.91,,,,,,,,,,,
October,2016,0.88,,,,,,,,,,,
November,2016,0.91,,,,,,,,,,,
December,2016,0.86,,,,,,,,,,,
January,2017,1.02,,,,,,,,,,,
February,2017,1.14,,,,,,,,,,,
March,2017,1.16,,,,,,,,,,,
April,2017,0.94,,,,,,,,,,,
May,2017,0.9,,,,,,,,,,,
June,2017,0.72,,,,,,,,,,,
July,2017,0.82,,,,,,,,,,,
August,2017,0.87,,,,,,,,,,,
September,2017,0.79,,,,,,,,,,,
October,2017,0.9,,,,,,,,,,,
November,2017,0.88,,,,,,,,,,,
December,2017,0.94,,,,,,,,,,,
January,2018,0.82,,,,,,,,,,,
February,2018,0.85,,,,,,,,,,,
March,2018,0.9,,,,,,,,,,,
April,2018,0.9,,,,,,,,,,,
May,2018,0.83,,,,,,,,,,,
June,2018,0.78,,,,,,,,,,,
July,2018,0.83,,,,,,,,,,,
August,2018,0.77,,,,,,,,,,,
September,2018,0.8,,,,,,,,,,,
October,2018,1.01,,,,,,,,,,,
November,2018,0.83,,,,,,,,,,,
December,2018,0.92,,,,,,,,,,,
January,2019,0.93,,,,,,,,,,,
February,2019,0.96,,,,,,,,,,,
March,2019,1.18,,,,,,,,,,,
April,2019,1.02,,,,,,,,,,,
May,2019,0.86,,,,,,,,,,,
June,2019,0.92,,,,,,,,,,,
July,2019,0.94,,,,,,,,,,,
August,2019,0.94,,,,,,,,,,,
September,2019,0.92,,,,,,,,,,,
October,2019,1.02,,,,,,,,,,,
November,2019,1,,,,,,,,,,,
December,2019,1.1,,,,,,,,,,,